sdmName,scan number
13B-409_sb25461064_1.56551.4985953125,3
13B-409_sb25456623_1.56552.49599773148,3
128ch_002.56548.49649064815,17
128ch_002.56548.49649064815,21
128ch_002.56548.49649064815,22
128ch_002.56548.49649064815,10
128ch_002.56548.49649064815,14
128ch_002.56548.49649064815,15
128ch_002.56548.49649064815,16
<<<<<<< HEAD
128ch_002.56548.49649064815,17
128ch_002.56548.49649064815,17
128ch_002.56548.49649064815,17
128ch_002.56548.49649064815,17
128ch_002.56548.49649064815,17
128ch_002.56548.49649064815,16
128ch_002.56548.49649064815,19
=======
>>>>>>> 524760f01859493daa0304e233528aa21fb23577
128ch_002.56548.49649064815,18
128ch_002.56548.49649064815,20
128ch_002.56548.49649064815,23
128ch_002.56548.49649064815,24
128ch_002.56548.49649064815,25
128ch_002.56548.49649064815,27
128ch_002.56548.49649064815,28
128ch_002.56548.49649064815,29
