sdmName,scan number
13B-409_sb25461064_1.56551.4985953125,3
13B-409_sb25456623_1.56552.49599773148,3
128ch_002.56548.49649064815,17
128ch_002.56548.49649064815,21
128ch_002.56548.49649064815,22
128ch_002.56548.49649064815,10
128ch_002.56548.49649064815,14
128ch_002.56548.49649064815,15
128ch_002.56548.49649064815,16
<<<<<<< HEAD
128ch_002.56548.49649064815,17
128ch_002.56548.49649064815,17
128ch_002.56548.49649064815,17
128ch_002.56548.49649064815,17
128ch_002.56548.49649064815,17
128ch_002.56548.49649064815,16
128ch_002.56548.49649064815,19
=======
>>>>>>> 524760f01859493daa0304e233528aa21fb23577
128ch_002.56548.49649064815,18
128ch_002.56548.49649064815,20
128ch_002.56548.49649064815,23
128ch_002.56548.49649064815,24
128ch_002.56548.49649064815,25
128ch_002.56548.49649064815,27
128ch_002.56548.49649064815,28
128ch_002.56548.49649064815,29
128ch_002.56548.49649064815,30
128ch_002.56548.49649064815,31
128ch_002.56548.49649064815,32
128ch_002.56548.49649064815,33
128ch_002.56548.49649064815,34
128ch_002.56548.49649064815,35
128ch_002.56548.49649064815,36
128ch_002.56548.49649064815,37
128ch_002.56548.49649064815,38
128ch_002.56548.49649064815,40
128ch_002.56548.49649064815,41
128ch_002.56548.49649064815,42
128ch_002.56548.49649064815,43
128ch_002.56548.49649064815,44
128ch_002.56548.49649064815,45
128ch_002.56548.49649064815,46
128ch_002.56548.49649064815,47
128ch_002.56548.49649064815,48
128ch_002.56548.49649064815,49
128ch_002.56548.49649064815,50
128ch_002.56548.49649064815,51
128ch_002.56548.49649064815,53
128ch_002.56548.49649064815,54
128ch_002.56548.49649064815,55
128ch_002.56548.49649064815,56
128ch_002.56548.49649064815,57
128ch_002.56548.49649064815,58
128ch_002.56548.49649064815,59
128ch_002.56548.49649064815,60
128ch_002.56548.49649064815,61
128ch_002.56548.49649064815,62
128ch_002.56548.49649064815,63
128ch_002.56548.49649064815,64
