sdmName,scan number
123455,10
123455,14
123455,15
123455,16
123455,17
123455,18
123455,19
123455,20
123455,21
128ch_002.56548.49649064815,64
128ch_002.56548.49649064815,10
123455,22
sdmName,scan number
sdmName,scan number
