sdmName,scan number
128ch_002.56548.49649064815,14
128ch_002.56548.49649064815,15
13B-409_sb25456623_1.56552.49599773148,3
13B-409_sb25461064_1.56551.4985953125,3
128ch_002.56548.49649064815,10
128ch_002.56548.49649064815,18
128ch_002.56548.49649064815,16
128ch_002.56548.49649064815,17
128ch_002.56548.49649064815,19
128ch_002.56548.49649064815,20
